date,open_p,high_p,low_p,close_p,adj_close,volume,symbol
2023-02-16,153.50999450683594,156.3300018310547,153.35000610351562,153.7100067138672,152.17532348632812,68167900,AAPL
2023-02-17,152.35000610351562,153.0,150.85000610351562,152.5500030517578,151.02694702148438,59144100,AAPL
2023-02-21,150.1999969482422,151.3000030517578,148.41000366210938,148.47999572753906,146.99757385253906,58867200,AAPL
2023-02-22,148.8699951171875,149.9499969482422,147.16000366210938,148.91000366210938,147.4232635498047,51011300,AAPL
2023-02-23,150.08999633789062,150.33999633789062,147.24000549316406,149.39999389648438,147.90835571289062,48394200,AAPL
2023-02-24,147.11000061035156,147.19000244140625,145.72000122070312,146.7100067138672,145.2452392578125,55469600,AAPL
2023-02-27,147.7100067138672,149.1699981689453,147.4499969482422,147.9199981689453,146.44314575195312,44998500,AAPL
2023-02-28,147.0500030517578,149.0800018310547,146.8300018310547,147.41000366210938,145.93826293945312,50547000,AAPL
2023-03-01,146.8300018310547,147.22999572753906,145.00999450683594,145.30999755859375,143.85922241210938,55479000,AAPL
2023-03-02,144.3800048828125,146.7100067138672,143.89999389648438,145.91000366210938,144.45323181152344,52238100,AAPL
2023-03-03,148.0399932861328,151.11000061035156,147.3300018310547,151.02999877929688,149.52212524414062,70732300,AAPL
2023-03-06,153.7899932861328,156.3000030517578,153.4600067138672,153.8300018310547,152.29415893554688,87558000,AAPL
2023-03-07,153.6999969482422,154.02999877929688,151.1300048828125,151.60000610351562,150.08644104003906,56182000,AAPL
2023-03-08,152.80999755859375,153.47000122070312,151.8300018310547,152.8699951171875,151.34373474121094,47204800,AAPL
2023-03-09,153.55999755859375,154.5399932861328,150.22999572753906,150.58999633789062,149.0865020751953,53833600,AAPL
2023-03-10,150.2100067138672,150.94000244140625,147.61000061035156,148.5,147.01736450195312,68572400,AAPL
2023-03-13,147.80999755859375,153.13999938964844,147.6999969482422,150.47000122070312,148.9677276611328,84457100,AAPL
2023-03-14,151.27999877929688,153.39999389648438,150.10000610351562,152.58999633789062,151.0665283203125,73695900,AAPL
2023-03-15,151.19000244140625,153.25,149.9199981689453,152.99000549316406,151.46253967285156,77167900,AAPL
2023-03-16,152.16000366210938,156.4600067138672,151.63999938964844,155.85000610351562,154.2939910888672,76161100,AAPL
2023-03-17,156.0800018310547,156.74000549316406,154.27999877929688,155.0,153.4524688720703,98944600,AAPL
2023-03-20,155.07000732421875,157.82000732421875,154.14999389648438,157.39999389648438,155.8284912109375,73641400,AAPL
2023-03-21,157.32000732421875,159.39999389648438,156.5399932861328,159.27999877929688,157.6897430419922,73938300,AAPL
2023-03-22,159.3000030517578,162.13999938964844,157.80999755859375,157.8300018310547,156.2542266845703,75701800,AAPL
2023-03-23,158.8300018310547,161.5500030517578,157.67999267578125,158.92999267578125,157.34323120117188,67622100,AAPL
2023-03-24,158.86000061035156,160.33999633789062,157.85000610351562,160.25,158.65005493164062,59196500,AAPL
2023-03-27,159.94000244140625,160.77000427246094,157.8699951171875,158.27999877929688,156.69969177246094,52390300,AAPL
2023-03-28,157.97000122070312,158.49000549316406,155.97999572753906,157.64999389648438,156.07598876953125,45992200,AAPL
2023-03-29,159.3699951171875,161.0500030517578,159.35000610351562,160.77000427246094,159.16485595703125,51305700,AAPL
2023-03-30,161.52999877929688,162.47000122070312,161.27000427246094,162.36000061035156,160.73899841308594,49501700,AAPL
2023-03-31,162.44000244140625,165.0,161.91000366210938,164.89999389648438,163.2536163330078,68749800,AAPL
2023-04-03,164.27000427246094,166.2899932861328,164.22000122070312,166.1699981689453,164.51095581054688,56976200,AAPL
2023-04-04,166.60000610351562,166.83999633789062,165.11000061035156,165.6300048828125,163.97634887695312,46278300,AAPL
2023-04-05,164.74000549316406,165.0500030517578,161.8000030517578,163.75999450683594,162.12503051757812,51511700,AAPL
2023-04-06,162.42999267578125,164.9600067138672,162.0,164.66000366210938,163.01605224609375,45390100,AAPL
2023-04-10,161.4199981689453,162.02999877929688,160.0800018310547,162.02999877929688,160.4122772216797,47716900,AAPL
2023-04-11,162.35000610351562,162.36000061035156,160.50999450683594,160.8000030517578,159.19456481933594,47644200,AAPL
2023-04-12,161.22000122070312,162.05999755859375,159.77999877929688,160.10000610351562,158.50157165527344,50133100,AAPL
2023-04-13,161.6300048828125,165.8000030517578,161.4199981689453,165.55999755859375,163.9070281982422,68445600,AAPL
2023-04-14,164.58999633789062,166.32000732421875,163.82000732421875,165.2100067138672,163.560546875,49386500,AAPL
2023-04-17,165.08999633789062,165.38999938964844,164.02999877929688,165.22999572753906,163.580322265625,41516200,AAPL
2023-04-18,166.10000610351562,167.41000366210938,165.64999389648438,166.47000122070312,164.80795288085938,49923000,AAPL
2023-04-19,165.8000030517578,168.16000366210938,165.5399932861328,167.6300048828125,165.9563751220703,47720200,AAPL
2023-04-20,166.08999633789062,167.8699951171875,165.55999755859375,166.64999389648438,164.9861602783203,52456400,AAPL
2023-04-21,165.0500030517578,166.4499969482422,164.49000549316406,165.02000427246094,163.3724365234375,58337300,AAPL
2023-04-24,165.0,165.60000610351562,163.88999938964844,165.3300018310547,163.67933654785156,41949600,AAPL
2023-04-25,165.19000244140625,166.30999755859375,163.72999572753906,163.77000427246094,162.13491821289062,48714100,AAPL
2023-04-26,163.05999755859375,165.27999877929688,162.8000030517578,163.75999450683594,162.12503051757812,45498800,AAPL
2023-04-27,165.19000244140625,168.55999755859375,165.19000244140625,168.41000366210938,166.7285919189453,64902300,AAPL
2023-04-28,168.49000549316406,169.85000610351562,167.8800048828125,169.67999267578125,167.98590087890625,55209200,AAPL
2023-05-01,169.27999877929688,170.4499969482422,168.63999938964844,169.58999633789062,167.8968048095703,52472900,AAPL
2023-05-02,170.08999633789062,170.35000610351562,167.5399932861328,168.5399932861328,166.85728454589844,48425700,AAPL
2023-05-03,169.5,170.9199981689453,167.16000366210938,167.4499969482422,165.77818298339844,65136000,AAPL
2023-05-04,164.88999938964844,167.0399932861328,164.30999755859375,165.7899932861328,164.1347198486328,81235400,AAPL
2023-05-05,170.97999572753906,174.3000030517578,170.75999450683594,173.57000732421875,171.8370819091797,113316400,AAPL
2023-05-08,172.47999572753906,173.85000610351562,172.11000061035156,173.5,171.76776123046875,55962800,AAPL
2023-05-09,173.0500030517578,173.5399932861328,171.60000610351562,171.77000427246094,170.05503845214844,45326900,AAPL
2023-05-10,173.02000427246094,174.02999877929688,171.89999389648438,173.55999755859375,171.8271484375,53724500,AAPL
2023-05-11,173.85000610351562,174.58999633789062,172.1699981689453,173.75,172.01527404785156,49514700,AAPL
2023-05-12,173.6199951171875,174.05999755859375,171.0,172.57000732421875,171.0833740234375,45497800,AAPL
2023-05-15,173.16000366210938,173.2100067138672,171.47000122070312,172.07000732421875,170.58767700195312,37266700,AAPL
2023-05-16,171.99000549316406,173.13999938964844,171.8000030517578,172.07000732421875,170.58767700195312,42110300,AAPL
2023-05-17,171.7100067138672,172.92999267578125,170.4199981689453,172.69000244140625,171.2023468017578,57951600,AAPL
2023-05-18,173.0,175.24000549316406,172.5800018310547,175.0500030517578,173.54200744628906,65496700,AAPL
2023-05-19,176.38999938964844,176.38999938964844,174.94000244140625,175.16000366210938,173.65106201171875,55772400,AAPL
2023-05-22,173.97999572753906,174.7100067138672,173.4499969482422,174.1999969482422,172.6993408203125,43570900,AAPL
2023-05-23,173.1300048828125,173.3800048828125,171.27999877929688,171.55999755859375,170.08206176757812,50747300,AAPL
2023-05-24,171.08999633789062,172.4199981689453,170.52000427246094,171.83999633789062,170.35964965820312,45143500,AAPL
2023-05-25,172.41000366210938,173.89999389648438,171.69000244140625,172.99000549316406,171.49977111816406,56058300,AAPL
2023-05-26,173.32000732421875,175.77000427246094,173.11000061035156,175.42999267578125,173.91873168945312,54835000,AAPL
2023-05-30,176.9600067138672,178.99000549316406,176.57000732421875,177.3000030517578,175.77261352539062,55964400,AAPL
2023-05-31,177.3300018310547,179.35000610351562,176.75999450683594,177.25,175.72305297851562,99625300,AAPL
2023-06-01,177.6999969482422,180.1199951171875,176.92999267578125,180.08999633789062,178.53857421875,68901800,AAPL
2023-06-02,181.02999877929688,181.77999877929688,179.25999450683594,180.9499969482422,179.39117431640625,61945900,AAPL
2023-06-05,182.6300048828125,184.9499969482422,178.0399932861328,179.5800018310547,178.03297424316406,121946500,AAPL
2023-06-06,179.97000122070312,180.1199951171875,177.42999267578125,179.2100067138672,177.6661834716797,64848400,AAPL
2023-06-07,178.44000244140625,181.2100067138672,177.32000732421875,177.82000732421875,176.2881317138672,61944600,AAPL
2023-06-08,177.89999389648438,180.83999633789062,177.4600067138672,180.57000732421875,179.0144500732422,50214900,AAPL
2023-06-09,181.5,182.22999572753906,180.6300048828125,180.9600067138672,179.40109252929688,48870700,AAPL
2023-06-12,181.27000427246094,183.88999938964844,180.97000122070312,183.7899932861328,182.20669555664062,54274900,AAPL
2023-06-13,182.8000030517578,184.14999389648438,182.44000244140625,183.30999755859375,181.7308349609375,54929100,AAPL
2023-06-14,183.3699951171875,184.38999938964844,182.02000427246094,183.9499969482422,182.36532592773438,57462900,AAPL
2023-06-15,183.9600067138672,186.52000427246094,183.77999877929688,186.00999450683594,184.40757751464844,65433200,AAPL
2023-06-16,186.72999572753906,186.99000549316406,184.27000427246094,184.9199981689453,183.3269500732422,101235600,AAPL
2023-06-20,184.41000366210938,186.10000610351562,184.41000366210938,185.00999450683594,183.41619873046875,49799100,AAPL
2023-06-21,184.89999389648438,185.41000366210938,182.58999633789062,183.9600067138672,182.375244140625,49515700,AAPL
2023-06-22,183.74000549316406,187.0500030517578,183.6699981689453,187.0,185.3890380859375,51245300,AAPL
2023-06-23,185.5500030517578,187.55999755859375,185.00999450683594,186.67999267578125,185.07179260253906,53079300,AAPL
2023-06-26,186.8300018310547,188.0500030517578,185.22999572753906,185.27000427246094,183.67393493652344,48088700,AAPL
2023-06-27,185.88999938964844,188.38999938964844,185.6699981689453,188.05999755859375,186.43991088867188,50730800,AAPL
2023-06-28,187.92999267578125,189.89999389648438,187.60000610351562,189.25,187.61965942382812,51216800,AAPL
2023-06-29,189.0800018310547,190.07000732421875,188.94000244140625,189.58999633789062,187.95672607421875,46347300,AAPL
2023-06-30,191.6300048828125,194.47999572753906,191.25999450683594,193.97000122070312,192.29901123046875,85069600,AAPL
2023-07-03,193.77999877929688,193.8800048828125,191.75999450683594,192.4600067138672,190.80203247070312,31458200,AAPL
2023-07-05,191.57000732421875,192.97999572753906,190.6199951171875,191.3300018310547,189.68174743652344,46920300,AAPL
2023-07-06,189.83999633789062,192.02000427246094,189.1999969482422,191.80999755859375,190.1575927734375,45094300,AAPL
2023-07-07,191.41000366210938,192.6699981689453,190.24000549316406,190.67999267578125,189.03732299804688,46778000,AAPL
2023-07-10,189.25999450683594,189.99000549316406,187.0399932861328,188.61000061035156,186.98519897460938,59922200,AAPL
2023-07-11,189.16000366210938,189.3000030517578,186.60000610351562,188.0800018310547,186.4597625732422,46638100,AAPL
2023-07-12,189.67999267578125,191.6999969482422,188.47000122070312,189.77000427246094,188.13519287109375,60750200,AAPL
2023-07-13,190.5,191.19000244140625,189.77999877929688,190.5399932861328,188.8985595703125,41342300,AAPL
2023-07-14,190.22999572753906,191.17999267578125,189.6300048828125,190.69000244140625,189.04727172851562,41573900,AAPL
2023-07-17,191.89999389648438,194.32000732421875,191.80999755859375,193.99000549316406,192.31881713867188,50520200,AAPL
2023-07-18,193.35000610351562,194.3300018310547,192.4199981689453,193.72999572753906,192.0610809326172,48353800,AAPL
2023-07-19,193.10000610351562,198.22999572753906,192.64999389648438,195.10000610351562,193.41929626464844,80507300,AAPL
2023-07-20,195.08999633789062,196.47000122070312,192.5,193.1300048828125,191.46627807617188,59581200,AAPL
2023-07-21,194.10000610351562,194.97000122070312,191.22999572753906,191.94000244140625,190.28651428222656,71917800,AAPL
2023-07-24,193.41000366210938,194.91000366210938,192.25,192.75,191.08950805664062,45377800,AAPL
2023-07-25,193.3300018310547,194.44000244140625,192.9199981689453,193.6199951171875,191.9520263671875,37283200,AAPL
2023-07-26,193.6699981689453,195.63999938964844,193.32000732421875,194.5,192.824462890625,47471900,AAPL
2023-07-27,196.02000427246094,197.1999969482422,192.5500030517578,193.22000122070312,191.5554656982422,47460200,AAPL
2023-07-28,194.6699981689453,196.6300048828125,194.13999938964844,195.8300018310547,194.14300537109375,48291400,AAPL
2023-07-31,196.05999755859375,196.49000549316406,195.25999450683594,196.4499969482422,194.7576446533203,38824100,AAPL
2023-08-01,196.24000549316406,196.72999572753906,195.27999877929688,195.61000061035156,193.92486572265625,35175100,AAPL
2023-08-02,195.0399932861328,195.17999267578125,191.85000610351562,192.5800018310547,190.9209747314453,50389300,AAPL
2023-08-03,191.57000732421875,192.3699951171875,190.69000244140625,191.1699981689453,189.52313232421875,61235200,AAPL
2023-08-04,185.52000427246094,187.3800048828125,181.9199981689453,181.99000549316406,180.42222595214844,115799700,AAPL
2023-08-07,182.1300048828125,183.1300048828125,177.35000610351562,178.85000610351562,177.30926513671875,97576100,AAPL
2023-08-08,179.69000244140625,180.27000427246094,177.5800018310547,179.8000030517578,178.25106811523438,67823000,AAPL
2023-08-09,180.8699951171875,180.92999267578125,177.00999450683594,178.19000244140625,176.65493774414062,60378500,AAPL
2023-08-10,179.47999572753906,180.75,177.60000610351562,177.97000122070312,176.43685913085938,54686900,AAPL
2023-08-11,177.32000732421875,178.6199951171875,176.5500030517578,177.7899932861328,176.49639892578125,51988100,AAPL
2023-08-14,177.97000122070312,179.69000244140625,177.30999755859375,179.4600067138672,178.15428161621094,43675600,AAPL
2023-08-15,178.8800048828125,179.47999572753906,177.0500030517578,177.4499969482422,176.1588897705078,43622600,AAPL
2023-08-16,177.1300048828125,178.5399932861328,176.5,176.57000732421875,175.28529357910156,46964900,AAPL
2023-08-17,177.13999938964844,177.50999450683594,173.47999572753906,174.0,172.73397827148438,66062900,AAPL
2023-08-18,172.3000030517578,175.10000610351562,171.9600067138672,174.49000549316406,173.22042846679688,61114200,AAPL
2023-08-21,175.07000732421875,176.1300048828125,173.74000549316406,175.83999633789062,174.5605926513672,46311900,AAPL
2023-08-22,177.05999755859375,177.67999267578125,176.25,177.22999572753906,175.94049072265625,42084200,AAPL
2023-08-23,178.52000427246094,181.5500030517578,178.3300018310547,181.1199951171875,179.80218505859375,52722800,AAPL
2023-08-24,180.6699981689453,181.10000610351562,176.00999450683594,176.3800048828125,175.09666442871094,54945800,AAPL
2023-08-25,177.3800048828125,179.14999389648438,175.82000732421875,178.61000061035156,177.31045532226562,51449600,AAPL
2023-08-28,180.08999633789062,180.58999633789062,178.5500030517578,180.19000244140625,178.87896728515625,43820700,AAPL
2023-08-29,179.6999969482422,184.89999389648438,179.5,184.1199951171875,182.7803497314453,53003900,AAPL
2023-08-30,184.94000244140625,187.85000610351562,184.74000549316406,187.64999389648438,186.28466796875,60813900,AAPL
2023-08-31,187.83999633789062,189.1199951171875,187.47999572753906,187.8699951171875,186.50306701660156,60794500,AAPL
2023-09-01,189.49000549316406,189.9199981689453,188.27999877929688,189.4600067138672,188.08152770996094,45732600,AAPL
2023-09-05,188.27999877929688,189.97999572753906,187.61000061035156,189.6999969482422,188.3197784423828,45280000,AAPL
2023-09-06,188.39999389648438,188.85000610351562,181.47000122070312,182.91000366210938,181.5791778564453,81755800,AAPL
2023-09-07,175.17999267578125,178.2100067138672,173.5399932861328,177.55999755859375,176.26809692382812,112488800,AAPL
2023-09-08,178.35000610351562,180.24000549316406,177.7899932861328,178.17999267578125,176.88356018066406,65551300,AAPL
2023-09-11,180.07000732421875,180.3000030517578,177.33999633789062,179.36000061035156,178.0549774169922,58953100,AAPL
2023-09-12,179.49000549316406,180.1300048828125,174.82000732421875,176.3000030517578,175.01727294921875,90370200,AAPL
2023-09-13,176.50999450683594,177.3000030517578,173.97999572753906,174.2100067138672,172.9424591064453,84267900,AAPL
2023-09-14,174.0,176.10000610351562,173.5800018310547,175.74000549316406,174.46133422851562,60895800,AAPL
2023-09-15,176.47999572753906,176.5,173.82000732421875,175.00999450683594,173.73663330078125,109205100,AAPL
2023-09-18,176.47999572753906,179.3800048828125,176.1699981689453,177.97000122070312,176.67510986328125,67257600,AAPL
2023-09-19,177.52000427246094,179.6300048828125,177.1300048828125,179.07000732421875,177.76710510253906,51826900,AAPL
2023-09-20,179.25999450683594,179.6999969482422,175.39999389648438,175.49000549316406,174.21315002441406,58436200,AAPL
2023-09-21,174.5500030517578,176.3000030517578,173.86000061035156,173.92999267578125,172.66448974609375,63047900,AAPL
2023-09-22,174.6699981689453,177.0800018310547,174.0500030517578,174.7899932861328,173.51821899414062,56725400,AAPL
2023-09-25,174.1999969482422,176.97000122070312,174.14999389648438,176.0800018310547,174.79884338378906,46172700,AAPL
2023-09-26,174.82000732421875,175.1999969482422,171.66000366210938,171.9600067138672,170.70883178710938,64588900,AAPL
2023-09-27,172.6199951171875,173.0399932861328,169.0500030517578,170.42999267578125,169.18995666503906,66921800,AAPL
2023-09-28,169.33999633789062,172.02999877929688,167.6199951171875,170.69000244140625,169.4480743408203,56294400,AAPL
2023-09-29,172.02000427246094,173.07000732421875,170.33999633789062,171.2100067138672,169.96429443359375,51814200,AAPL
2023-10-02,171.22000122070312,174.3000030517578,170.92999267578125,173.75,172.48580932617188,52164500,AAPL
2023-10-03,172.25999450683594,173.6300048828125,170.82000732421875,172.39999389648438,171.1456298828125,49594600,AAPL
2023-10-04,171.08999633789062,174.2100067138672,170.97000122070312,173.66000366210938,172.39646911621094,53020300,AAPL
2023-10-05,173.7899932861328,175.4499969482422,172.67999267578125,174.91000366210938,173.6373748779297,48527900,AAPL
2023-10-06,173.8000030517578,177.99000549316406,173.17999267578125,177.49000549316406,176.1986083984375,57224100,AAPL
2023-10-09,176.80999755859375,179.0500030517578,175.8000030517578,178.99000549316406,177.68768310546875,42390800,AAPL
2023-10-10,178.10000610351562,179.72000122070312,177.9499969482422,178.38999938964844,177.092041015625,43698000,AAPL
2023-10-11,178.1999969482422,179.85000610351562,177.60000610351562,179.8000030517578,178.4917755126953,47551100,AAPL
2023-10-12,180.07000732421875,182.33999633789062,179.0399932861328,180.7100067138672,179.39517211914062,56743100,AAPL
2023-10-13,181.4199981689453,181.92999267578125,178.13999938964844,178.85000610351562,177.54869079589844,51427100,AAPL
2023-10-16,176.75,179.0800018310547,176.50999450683594,178.72000122070312,177.41964721679688,52517000,AAPL
2023-10-17,176.64999389648438,178.4199981689453,174.8000030517578,177.14999389648438,175.86106872558594,57549400,AAPL
2023-10-18,175.5800018310547,177.5800018310547,175.11000061035156,175.83999633789062,174.5605926513672,54764400,AAPL
2023-10-19,176.0399932861328,177.83999633789062,175.19000244140625,175.4600067138672,174.18338012695312,59302900,AAPL
2023-10-20,175.30999755859375,175.4199981689453,172.63999938964844,172.8800048828125,171.6221466064453,64189300,AAPL
2023-10-23,170.91000366210938,174.00999450683594,169.92999267578125,173.0,171.74127197265625,55980100,AAPL
2023-10-24,173.0500030517578,173.6699981689453,171.4499969482422,173.44000244140625,172.17807006835938,43816600,AAPL
2023-10-25,171.8800048828125,173.05999755859375,170.64999389648438,171.10000610351562,169.8551025390625,57157000,AAPL
2023-10-26,170.3699951171875,171.3800048828125,165.6699981689453,166.88999938964844,165.6757354736328,70625300,AAPL
2023-10-27,166.91000366210938,168.9600067138672,166.8300018310547,168.22000122070312,166.9960479736328,58499100,AAPL
2023-10-30,169.02000427246094,171.1699981689453,168.8699951171875,170.2899932861328,169.0509490966797,51131000,AAPL
2023-10-31,169.35000610351562,170.89999389648438,167.89999389648438,170.77000427246094,169.52748107910156,44846000,AAPL
2023-11-01,171.0,174.22999572753906,170.1199951171875,173.97000122070312,172.70420837402344,56934900,AAPL
2023-11-02,175.52000427246094,177.77999877929688,175.4600067138672,177.57000732421875,176.27801513671875,77334800,AAPL
2023-11-03,174.24000549316406,176.82000732421875,173.35000610351562,176.64999389648438,175.36468505859375,79763700,AAPL
2023-11-06,176.3800048828125,179.42999267578125,176.2100067138672,179.22999572753906,177.92593383789062,63841300,AAPL
2023-11-07,179.17999267578125,182.44000244140625,178.97000122070312,181.82000732421875,180.49710083007812,70530000,AAPL
2023-11-08,182.35000610351562,183.4499969482422,181.58999633789062,182.88999938964844,181.55929565429688,49340300,AAPL
2023-11-09,182.9600067138672,184.1199951171875,181.80999755859375,182.41000366210938,181.08279418945312,53763500,AAPL
2023-11-10,183.97000122070312,186.57000732421875,183.52999877929688,186.39999389648438,185.2875518798828,66133400,AAPL
2023-11-13,185.82000732421875,186.02999877929688,184.2100067138672,184.8000030517578,183.6970977783203,43627500,AAPL
2023-11-14,187.6999969482422,188.11000061035156,186.3000030517578,187.44000244140625,186.3213348388672,60108400,AAPL
2023-11-15,187.85000610351562,189.5,187.77999877929688,188.00999450683594,186.88792419433594,53790500,AAPL
2023-11-16,189.57000732421875,190.9600067138672,188.64999389648438,189.7100067138672,188.5778045654297,54412900,AAPL
2023-11-17,190.25,190.3800048828125,188.57000732421875,189.69000244140625,188.5579376220703,50922700,AAPL
2023-11-20,189.88999938964844,191.91000366210938,189.8800048828125,191.4499969482422,190.30740356445312,46505100,AAPL
2023-11-21,191.41000366210938,191.52000427246094,189.74000549316406,190.63999938964844,189.5022430419922,38134500,AAPL
2023-11-22,191.49000549316406,192.92999267578125,190.8300018310547,191.30999755859375,190.16824340820312,39617700,AAPL
2023-11-24,190.8699951171875,190.89999389648438,189.25,189.97000122070312,188.83624267578125,24048300,AAPL
2023-11-27,189.9199981689453,190.6699981689453,188.89999389648438,189.7899932861328,188.6573028564453,40552600,AAPL
2023-11-28,189.77999877929688,191.0800018310547,189.39999389648438,190.39999389648438,189.263671875,38415400,AAPL
2023-11-29,190.89999389648438,192.08999633789062,188.97000122070312,189.3699951171875,188.23983764648438,43014200,AAPL
2023-11-30,189.83999633789062,190.32000732421875,188.19000244140625,189.9499969482422,188.8163604736328,48794400,AAPL
2023-12-01,190.3300018310547,191.55999755859375,189.22999572753906,191.24000549316406,190.0986785888672,45679300,AAPL
2023-12-04,189.97999572753906,190.0500030517578,187.4499969482422,189.42999267578125,188.2994384765625,43389500,AAPL
2023-12-05,190.2100067138672,194.39999389648438,190.17999267578125,193.4199981689453,192.26565551757812,66628400,AAPL
2023-12-06,194.4499969482422,194.75999450683594,192.11000061035156,192.32000732421875,191.17222595214844,41089700,AAPL
2023-12-07,193.6300048828125,195.0,193.58999633789062,194.27000427246094,193.110595703125,47477700,AAPL
2023-12-08,194.1999969482422,195.99000549316406,193.6699981689453,195.7100067138672,194.54200744628906,53377300,AAPL
2023-12-11,193.11000061035156,193.49000549316406,191.4199981689453,193.17999267578125,192.02708435058594,60943700,AAPL
2023-12-12,193.0800018310547,194.72000122070312,191.72000122070312,194.7100067138672,193.5479736328125,52696900,AAPL
2023-12-13,195.08999633789062,198.0,194.85000610351562,197.9600067138672,196.778564453125,70404200,AAPL
2023-12-14,198.02000427246094,199.6199951171875,196.16000366210938,198.11000061035156,196.92767333984375,66831600,AAPL
2023-12-15,197.52999877929688,198.39999389648438,197.0,197.57000732421875,196.39088439941406,128256700,AAPL
2023-12-18,196.08999633789062,196.6300048828125,194.38999938964844,195.88999938964844,194.72093200683594,55751900,AAPL
2023-12-19,196.16000366210938,196.9499969482422,195.88999938964844,196.94000244140625,195.76466369628906,40714100,AAPL
2023-12-20,196.89999389648438,197.67999267578125,194.8300018310547,194.8300018310547,193.66725158691406,52242800,AAPL
2023-12-21,196.10000610351562,197.0800018310547,193.5,194.67999267578125,193.5181121826172,46482500,AAPL
2023-12-22,195.17999267578125,195.41000366210938,192.97000122070312,193.60000610351562,192.44459533691406,37122800,AAPL
2023-12-26,193.61000061035156,193.88999938964844,192.8300018310547,193.0500030517578,191.89785766601562,28919300,AAPL
2023-12-27,192.49000549316406,193.5,191.08999633789062,193.14999389648438,191.99725341796875,48087700,AAPL
2023-12-28,194.13999938964844,194.66000366210938,193.1699981689453,193.5800018310547,192.42469787597656,34049900,AAPL
2023-12-29,193.89999389648438,194.39999389648438,191.72999572753906,192.52999877929688,191.38096618652344,42628800,AAPL
2024-01-02,187.14999389648438,188.44000244140625,183.88999938964844,185.63999938964844,184.53207397460938,82488700,AAPL
2024-01-03,184.22000122070312,185.8800048828125,183.42999267578125,184.25,183.15037536621094,58414500,AAPL
2024-01-04,182.14999389648438,183.08999633789062,180.8800048828125,181.91000366210938,180.82435607910156,71983600,AAPL
2024-01-05,181.99000549316406,182.75999450683594,180.1699981689453,181.17999267578125,180.09869384765625,62303300,AAPL
2024-01-08,182.08999633789062,185.60000610351562,181.5,185.55999755859375,184.4525604248047,59144500,AAPL
2024-01-09,183.9199981689453,185.14999389648438,182.72999572753906,185.13999938964844,184.03506469726562,42841800,AAPL
2024-01-10,184.35000610351562,186.39999389648438,183.9199981689453,186.19000244140625,185.0788116455078,46792900,AAPL
2024-01-11,186.5399932861328,187.0500030517578,183.6199951171875,185.58999633789062,184.48239135742188,49128400,AAPL
2024-01-12,186.05999755859375,186.74000549316406,185.19000244140625,185.9199981689453,184.81040954589844,40444700,AAPL
2024-01-16,182.16000366210938,184.25999450683594,180.92999267578125,183.6300048828125,182.53408813476562,65603000,AAPL
2024-01-17,181.27000427246094,182.92999267578125,180.3000030517578,182.67999267578125,181.58975219726562,47317400,AAPL
2024-01-18,186.08999633789062,189.13999938964844,185.8300018310547,188.6300048828125,187.50424194335938,78005800,AAPL
2024-01-19,189.3300018310547,191.9499969482422,188.82000732421875,191.55999755859375,190.41676330566406,68741000,AAPL
2024-01-22,192.3000030517578,195.3300018310547,192.25999450683594,193.88999938964844,192.7328338623047,60133900,AAPL
2024-01-23,195.02000427246094,195.75,193.8300018310547,195.17999267578125,194.01516723632812,42355600,AAPL
2024-01-24,195.4199981689453,196.3800048828125,194.33999633789062,194.5,193.33920288085938,53631300,AAPL
2024-01-25,195.22000122070312,196.27000427246094,193.11000061035156,194.1699981689453,193.0111846923828,54822100,AAPL
2024-01-26,194.27000427246094,194.75999450683594,191.94000244140625,192.4199981689453,191.27163696289062,44594000,AAPL
2024-01-29,192.00999450683594,192.1999969482422,189.5800018310547,191.72999572753906,190.58572387695312,47145600,AAPL
2024-01-30,190.94000244140625,191.8000030517578,187.47000122070312,188.0399932861328,186.91775512695312,55859400,AAPL
2024-01-31,187.0399932861328,187.10000610351562,184.35000610351562,184.39999389648438,183.29946899414062,55467800,AAPL
2024-02-01,183.99000549316406,186.9499969482422,183.82000732421875,186.86000061035156,185.7448272705078,64885400,AAPL
2024-02-02,179.86000061035156,187.3300018310547,179.25,185.85000610351562,184.74082946777344,102518000,AAPL
2024-02-05,188.14999389648438,189.25,185.83999633789062,187.67999267578125,186.55990600585938,69668800,AAPL
2024-02-06,186.86000061035156,189.30999755859375,186.77000427246094,189.3000030517578,188.17025756835938,43490800,AAPL
2024-02-07,190.63999938964844,191.0500030517578,188.61000061035156,189.41000366210938,188.27960205078125,53439000,AAPL
2024-02-08,189.38999938964844,189.5399932861328,187.35000610351562,188.32000732421875,187.19610595703125,40962000,AAPL
2024-02-09,188.64999389648438,189.99000549316406,188.0,188.85000610351562,187.96249389648438,45155200,AAPL
2024-02-12,188.4199981689453,188.6699981689453,186.7899932861328,187.14999389648438,186.2704620361328,41781900,AAPL
2024-02-13,185.77000427246094,186.2100067138672,183.50999450683594,185.0399932861328,184.17034912109375,56529500,AAPL
2024-02-14,185.32000732421875,185.52999877929688,182.44000244140625,184.14999389648438,183.2845458984375,54630500,AAPL
2024-02-15,183.5500030517578,184.49000549316406,181.35000610351562,183.86000061035156,182.99591064453125,65434500,AAPL
2024-02-16,183.4199981689453,184.85000610351562,181.6699981689453,182.30999755859375,181.4532012939453,49701400,AAPL
2024-02-20,181.7899932861328,182.42999267578125,180.0,181.55999755859375,180.70672607421875,53665600,AAPL
2024-02-21,181.94000244140625,182.88999938964844,180.66000366210938,182.32000732421875,181.4631805419922,41529700,AAPL
2024-02-22,183.47999572753906,184.9600067138672,182.4600067138672,184.3699951171875,183.5035400390625,52292200,AAPL
2024-02-23,185.00999450683594,185.0399932861328,182.22999572753906,182.52000427246094,181.66224670410156,45119700,AAPL
2024-02-26,182.24000549316406,182.75999450683594,180.64999389648438,181.16000366210938,180.30860900878906,40867400,AAPL
2024-02-27,181.10000610351562,183.9199981689453,179.55999755859375,182.6300048828125,181.77171325683594,54318900,AAPL
2024-02-28,182.50999450683594,183.1199951171875,180.1300048828125,181.4199981689453,180.56739807128906,48953900,AAPL
2024-02-29,181.27000427246094,182.57000732421875,179.52999877929688,180.75,179.90054321289062,136682600,AAPL
2024-03-01,179.5500030517578,180.52999877929688,177.3800048828125,179.66000366210938,178.815673828125,73488000,AAPL
2024-03-04,176.14999389648438,176.89999389648438,173.7899932861328,175.10000610351562,174.277099609375,81510100,AAPL
2024-03-05,170.75999450683594,172.0399932861328,169.6199951171875,170.1199951171875,169.32049560546875,95132400,AAPL
2024-03-06,171.05999755859375,171.24000549316406,168.67999267578125,169.1199951171875,168.32518005371094,68587700,AAPL
2024-03-07,169.14999389648438,170.72999572753906,168.49000549316406,169.0,168.20574951171875,71765100,AAPL
2024-03-08,169.0,173.6999969482422,168.94000244140625,170.72999572753906,169.92762756347656,76114600,AAPL
2024-03-11,172.94000244140625,174.3800048828125,172.0500030517578,172.75,171.93812561035156,60139500,AAPL
2024-03-12,173.14999389648438,174.02999877929688,171.00999450683594,173.22999572753906,172.41586303710938,59825400,AAPL
2024-03-13,172.77000427246094,173.19000244140625,170.75999450683594,171.1300048828125,170.3257598876953,52488700,AAPL
2024-03-14,172.91000366210938,174.30999755859375,172.0500030517578,173.0,172.18695068359375,72913500,AAPL
2024-03-15,171.1699981689453,172.6199951171875,170.2899932861328,172.6199951171875,171.80874633789062,121664700,AAPL
2024-03-18,175.57000732421875,177.7100067138672,173.52000427246094,173.72000122070312,172.90357971191406,75604200,AAPL
2024-03-19,174.33999633789062,176.61000061035156,173.02999877929688,176.0800018310547,175.2524871826172,55215200,AAPL
2024-03-20,175.72000122070312,178.6699981689453,175.08999633789062,178.6699981689453,177.83030700683594,53423100,AAPL
2024-03-21,177.0500030517578,177.49000549316406,170.83999633789062,171.3699951171875,170.5646209716797,106181300,AAPL
2024-03-22,171.75999450683594,173.0500030517578,170.05999755859375,172.27999877929688,171.47035217285156,71106600,AAPL
2024-03-25,170.57000732421875,171.94000244140625,169.4499969482422,170.85000610351562,170.0470733642578,54288300,AAPL
2024-03-26,170.0,171.4199981689453,169.5800018310547,169.7100067138672,168.9124298095703,57388400,AAPL
2024-03-27,170.41000366210938,173.60000610351562,170.11000061035156,173.30999755859375,172.49549865722656,60273300,AAPL
2024-03-28,171.75,172.22999572753906,170.50999450683594,171.47999572753906,170.67410278320312,65672700,AAPL
2024-04-01,171.19000244140625,171.25,169.47999572753906,170.02999877929688,169.23092651367188,46240500,AAPL
2024-04-02,169.0800018310547,169.33999633789062,168.22999572753906,168.83999633789062,168.04649353027344,49329500,AAPL
2024-04-03,168.7899932861328,170.67999267578125,168.5800018310547,169.64999389648438,168.85269165039062,47691700,AAPL
2024-04-04,170.2899932861328,171.9199981689453,168.82000732421875,168.82000732421875,168.026611328125,53704400,AAPL
2024-04-05,169.58999633789062,170.38999938964844,168.9499969482422,169.5800018310547,168.7830352783203,42055200,AAPL
2024-04-08,169.02999877929688,169.1999969482422,168.24000549316406,168.4499969482422,167.65834045410156,37425500,AAPL
2024-04-09,168.6999969482422,170.0800018310547,168.35000610351562,169.6699981689453,168.8726043701172,42451200,AAPL
2024-04-10,168.8000030517578,169.08999633789062,167.11000061035156,167.77999877929688,166.99148559570312,49709300,AAPL
2024-04-11,168.33999633789062,175.4600067138672,168.16000366210938,175.0399932861328,174.2173614501953,91070300,AAPL
2024-04-12,174.25999450683594,178.36000061035156,174.2100067138672,176.5500030517578,175.72027587890625,101593300,AAPL
2024-04-15,175.36000061035156,176.6300048828125,172.5,172.69000244140625,171.87841796875,73531800,AAPL
2024-04-16,171.75,173.75999450683594,168.27000427246094,169.3800048828125,168.583984375,73711200,AAPL
2024-04-17,169.61000061035156,170.64999389648438,168.0,168.0,167.21046447753906,50901200,AAPL
2024-04-18,168.02999877929688,168.63999938964844,166.5500030517578,167.0399932861328,166.2549591064453,43122900,AAPL
2024-04-19,166.2100067138672,166.39999389648438,164.0800018310547,165.0,164.22454833984375,67772100,AAPL
2024-04-22,165.52000427246094,167.25999450683594,164.77000427246094,165.83999633789062,165.06060791015625,48116400,AAPL
2024-04-23,165.35000610351562,167.0500030517578,164.9199981689453,166.89999389648438,166.11561584472656,49537800,AAPL
2024-04-24,166.5399932861328,169.3000030517578,166.2100067138672,169.02000427246094,168.2256622314453,48251800,AAPL
2024-04-25,169.52999877929688,170.61000061035156,168.14999389648438,169.88999938964844,169.09156799316406,50558300,AAPL
2024-04-26,169.8800048828125,171.33999633789062,169.17999267578125,169.3000030517578,168.5043487548828,44838400,AAPL
2024-04-29,173.3699951171875,176.02999877929688,173.10000610351562,173.5,172.6846160888672,68169400,AAPL
2024-04-30,173.3300018310547,174.99000549316406,170.0,170.3300018310547,169.52951049804688,65934800,AAPL
2024-05-01,169.5800018310547,172.7100067138672,169.11000061035156,169.3000030517578,168.5043487548828,50383100,AAPL
2024-05-02,172.50999450683594,173.4199981689453,170.88999938964844,173.02999877929688,172.21681213378906,94214900,AAPL
2024-05-03,186.64999389648438,187.0,182.66000366210938,183.3800048828125,182.5181884765625,163224100,AAPL
2024-05-06,182.35000610351562,184.1999969482422,180.4199981689453,181.7100067138672,180.85604858398438,78569700,AAPL
2024-05-07,183.4499969482422,184.89999389648438,181.32000732421875,182.39999389648438,181.5427703857422,77305800,AAPL
2024-05-08,182.85000610351562,183.07000732421875,181.4499969482422,182.74000549316406,181.88119506835938,45057100,AAPL
2024-05-09,182.55999755859375,184.66000366210938,182.11000061035156,184.57000732421875,183.7025909423828,48983000,AAPL
2024-05-10,184.89999389648438,185.08999633789062,182.1300048828125,183.0500030517578,182.43685913085938,50759500,AAPL
2024-05-13,185.44000244140625,187.10000610351562,184.6199951171875,186.27999877929688,185.65602111816406,72044800,AAPL
2024-05-14,187.50999450683594,188.3000030517578,186.2899932861328,187.42999267578125,186.80215454101562,52393600,AAPL
2024-05-15,187.91000366210938,190.64999389648438,187.3699951171875,189.72000122070312,189.0845184326172,70400000,AAPL
2024-05-16,190.47000122070312,191.10000610351562,189.66000366210938,189.83999633789062,189.2041015625,52845200,AAPL
2024-05-17,189.50999450683594,190.80999755859375,189.17999267578125,189.8699951171875,189.23399353027344,41282900,AAPL
2024-05-20,189.3300018310547,191.9199981689453,189.00999450683594,191.0399932861328,190.40008544921875,44361300,AAPL
2024-05-21,191.08999633789062,192.72999572753906,190.9199981689453,192.35000610351562,191.70570373535156,42309400,AAPL
2024-05-22,192.27000427246094,192.82000732421875,190.27000427246094,190.89999389648438,190.2605438232422,34648500,AAPL
2024-05-23,190.97999572753906,191.0,186.6300048828125,186.8800048828125,186.25401306152344,51005900,AAPL
2024-05-24,188.82000732421875,190.5800018310547,188.0399932861328,189.97999572753906,189.3436279296875,36294600,AAPL
2024-05-28,191.50999450683594,193.0,189.10000610351562,189.99000549316406,189.3535919189453,52280100,AAPL
2024-05-29,189.61000061035156,192.25,189.50999450683594,190.2899932861328,189.652587890625,53068000,AAPL
2024-05-30,190.75999450683594,192.17999267578125,190.6300048828125,191.2899932861328,190.6492462158203,49947900,AAPL
2024-05-31,191.44000244140625,192.57000732421875,189.91000366210938,192.25,191.6060333251953,75158300,AAPL
2024-06-03,192.89999389648438,194.99000549316406,192.52000427246094,194.02999877929688,193.38006591796875,50080500,AAPL
2024-06-04,194.63999938964844,195.32000732421875,193.02999877929688,194.35000610351562,193.69900512695312,47471400,AAPL
2024-06-05,195.39999389648438,196.89999389648438,194.8699951171875,195.8699951171875,195.21389770507812,54156800,AAPL
2024-06-06,195.69000244140625,196.5,194.1699981689453,194.47999572753906,193.82855224609375,41181800,AAPL
2024-06-07,194.64999389648438,196.94000244140625,194.13999938964844,196.88999938964844,196.23048400878906,53103900,AAPL
2024-06-10,196.89999389648438,197.3000030517578,192.14999389648438,193.1199951171875,192.47311401367188,97262100,AAPL
2024-06-11,193.64999389648438,207.16000366210938,193.6300048828125,207.14999389648438,206.45611572265625,172373300,AAPL
2024-06-12,207.3699951171875,220.1999969482422,206.89999389648438,213.07000732421875,212.35629272460938,198134300,AAPL
2024-06-13,214.74000549316406,216.75,211.60000610351562,214.24000549316406,213.5223846435547,97862700,AAPL
2024-06-14,213.85000610351562,215.1699981689453,211.3000030517578,212.49000549316406,211.7782440185547,70122700,AAPL
2024-06-17,213.3699951171875,218.9499969482422,212.72000122070312,216.6699981689453,215.94422912597656,93728300,AAPL
2024-06-18,217.58999633789062,218.6300048828125,213.0,214.2899932861328,213.5721893310547,79943300,AAPL
2024-06-20,213.92999267578125,214.24000549316406,208.85000610351562,209.67999267578125,208.97764587402344,86172500,AAPL
2024-06-21,210.38999938964844,211.88999938964844,207.11000061035156,207.49000549316406,206.79498291015625,246421400,AAPL
2024-06-24,207.72000122070312,212.6999969482422,206.58999633789062,208.13999938964844,207.44281005859375,80727000,AAPL
2024-06-25,209.14999389648438,211.3800048828125,208.61000061035156,209.07000732421875,208.3697052001953,56713900,AAPL
2024-06-26,211.5,214.86000061035156,210.63999938964844,213.25,212.5356903076172,66213200,AAPL
2024-06-27,214.69000244140625,215.74000549316406,212.35000610351562,214.10000610351562,213.38284301757812,49772700,AAPL
2024-06-28,215.77000427246094,216.07000732421875,210.3000030517578,210.6199951171875,209.9144744873047,82542700,AAPL
2024-07-01,212.08999633789062,217.50999450683594,211.9199981689453,216.75,216.02395629882812,60402900,AAPL
2024-07-02,216.14999389648438,220.3800048828125,215.10000610351562,220.27000427246094,219.5321807861328,58046200,AAPL
2024-07-03,220.0,221.5500030517578,219.02999877929688,221.5500030517578,220.80789184570312,37369800,AAPL
2024-07-05,221.64999389648438,226.4499969482422,221.64999389648438,226.33999633789062,225.5818328857422,60412400,AAPL
2024-07-08,227.08999633789062,227.85000610351562,223.25,227.82000732421875,227.056884765625,59085900,AAPL
2024-07-09,227.92999267578125,229.39999389648438,226.3699951171875,228.67999267578125,227.9139862060547,48076100,AAPL
2024-07-10,229.3000030517578,233.0800018310547,229.25,232.97999572753906,232.1995849609375,62627700,AAPL
2024-07-11,231.38999938964844,232.38999938964844,225.77000427246094,227.57000732421875,226.80772399902344,64710600,AAPL
2024-07-12,228.9199981689453,232.63999938964844,228.67999267578125,230.5399932861328,229.76776123046875,53046500,AAPL
2024-07-15,236.47999572753906,237.22999572753906,233.08999633789062,234.39999389648438,233.61483764648438,62631300,AAPL
2024-07-16,235.0,236.27000427246094,232.3300018310547,234.82000732421875,234.03343200683594,43234300,AAPL
2024-07-17,229.4499969482422,231.4600067138672,226.63999938964844,228.8800048828125,228.1133270263672,57345900,AAPL
2024-07-18,230.27999877929688,230.44000244140625,222.27000427246094,224.17999267578125,223.42906188964844,66034600,AAPL
2024-07-19,224.82000732421875,226.8000030517578,223.27999877929688,224.30999755859375,223.55862426757812,49151500,AAPL
2024-07-22,227.00999450683594,227.77999877929688,223.08999633789062,223.9600067138672,223.20980834960938,48201800,AAPL
2024-07-23,224.3699951171875,226.94000244140625,222.67999267578125,225.00999450683594,224.2563018798828,39960300,AAPL
2024-07-24,224.0,224.8000030517578,217.1300048828125,218.5399932861328,217.80795288085938,61777600,AAPL
2024-07-25,218.92999267578125,220.85000610351562,214.6199951171875,217.49000549316406,216.76148986816406,51391200,AAPL
2024-07-26,218.6999969482422,219.49000549316406,216.00999450683594,217.9600067138672,217.22991943359375,41601300,AAPL
2024-07-29,216.9600067138672,219.3000030517578,215.75,218.24000549316406,217.50897216796875,36311800,AAPL
2024-07-30,219.19000244140625,220.3300018310547,216.1199951171875,218.8000030517578,218.06710815429688,41643800,AAPL
2024-07-31,221.44000244140625,223.82000732421875,220.6300048828125,222.0800018310547,221.3361053466797,50036300,AAPL
2024-08-01,224.3699951171875,224.47999572753906,217.02000427246094,218.36000061035156,217.62855529785156,62501000,AAPL
2024-08-02,219.14999389648438,225.60000610351562,217.7100067138672,219.86000061035156,219.12353515625,105568600,AAPL
2024-08-05,199.08999633789062,213.5,196.0,209.27000427246094,208.5690155029297,119548600,AAPL
2024-08-06,205.3000030517578,209.99000549316406,201.07000732421875,207.22999572753906,206.5358428955078,69660500,AAPL
2024-08-07,206.89999389648438,213.63999938964844,206.38999938964844,209.82000732421875,209.1171875,63516400,AAPL
2024-08-08,213.11000061035156,214.1999969482422,208.8300018310547,213.30999755859375,212.59548950195312,47161100,AAPL
2024-08-09,212.10000610351562,216.77999877929688,211.97000122070312,216.24000549316406,215.51568603515625,42201600,AAPL
2024-08-12,216.07000732421875,219.50999450683594,215.60000610351562,217.52999877929688,217.0522918701172,38028100,AAPL
2024-08-13,219.00999450683594,221.88999938964844,219.00999450683594,221.27000427246094,220.78408813476562,44155300,AAPL
2024-08-14,220.57000732421875,223.02999877929688,219.6999969482422,221.72000122070312,221.23309326171875,41960600,AAPL
2024-08-15,224.60000610351562,225.35000610351562,222.75999450683594,224.72000122070312,224.22650146484375,46414000,AAPL
2024-08-16,223.9199981689453,226.8300018310547,223.64999389648438,226.0500030517578,225.5535888671875,44340200,AAPL
2024-08-19,225.72000122070312,225.99000549316406,223.0399932861328,225.88999938964844,225.3939208984375,40687800,AAPL
2024-08-20,225.77000427246094,227.1699981689453,225.4499969482422,226.50999450683594,226.0125732421875,30299000,AAPL
2024-08-21,226.52000427246094,227.97999572753906,225.0500030517578,226.39999389648438,225.90281677246094,34765500,AAPL
2024-08-22,227.7899932861328,228.33999633789062,223.89999389648438,224.52999877929688,224.0369110107422,43695300,AAPL
2024-08-23,225.66000366210938,228.22000122070312,224.3300018310547,226.83999633789062,226.3418426513672,38677300,AAPL
2024-08-26,226.75999450683594,227.27999877929688,223.88999938964844,227.17999267578125,226.68109130859375,30602200,AAPL
2024-08-27,226.0,228.85000610351562,224.88999938964844,228.02999877929688,227.52923583984375,35934600,AAPL
2024-08-28,227.9199981689453,229.86000061035156,225.67999267578125,226.49000549316406,225.99261474609375,38052200,AAPL
2024-08-29,230.10000610351562,232.9199981689453,228.8800048828125,229.7899932861328,229.28536987304688,51906300,AAPL
2024-08-30,230.19000244140625,230.39999389648438,227.47999572753906,229.0,228.49710083007812,52990800,AAPL
2024-09-03,228.5500030517578,229.0,221.1699981689453,222.77000427246094,222.28079223632812,50190600,AAPL
2024-09-04,221.66000366210938,221.77999877929688,217.47999572753906,220.85000610351562,220.36500549316406,43840200,AAPL
2024-09-05,221.6300048828125,225.47999572753906,221.52000427246094,222.3800048828125,221.8916473388672,36615400,AAPL
2024-09-06,223.9499969482422,225.24000549316406,219.77000427246094,220.82000732421875,220.33506774902344,48423000,AAPL
2024-09-09,220.82000732421875,221.27000427246094,216.7100067138672,220.91000366210938,220.4248809814453,67180000,AAPL
2024-09-10,218.9199981689453,221.47999572753906,216.72999572753906,220.11000061035156,219.62661743164062,51591000,AAPL
2024-09-11,221.4600067138672,223.08999633789062,217.88999938964844,222.66000366210938,222.17103576660156,44587100,AAPL
2024-09-12,222.5,223.5500030517578,219.82000732421875,222.77000427246094,222.28079223632812,37498200,AAPL
2024-09-13,223.5800018310547,224.0399932861328,221.91000366210938,222.5,222.01136779785156,36766600,AAPL
2024-09-16,216.5399932861328,217.22000122070312,213.9199981689453,216.32000732421875,215.84495544433594,59357400,AAPL
2024-09-17,215.75,216.89999389648438,214.5,216.7899932861328,216.31390380859375,45519300,AAPL
2024-09-18,217.5500030517578,222.7100067138672,217.5399932861328,220.69000244140625,220.20535278320312,59894900,AAPL
2024-09-19,224.99000549316406,229.82000732421875,224.6300048828125,228.8699951171875,228.3673858642578,66781300,AAPL
2024-09-20,229.97000122070312,233.08999633789062,227.6199951171875,228.1999969482422,227.6988525390625,318679900,AAPL
2024-09-23,227.33999633789062,229.4499969482422,225.80999755859375,226.47000122070312,225.97265625,54146000,AAPL
2024-09-24,228.64999389648438,229.35000610351562,225.72999572753906,227.3699951171875,226.8706817626953,43556100,AAPL
2024-09-25,224.92999267578125,227.2899932861328,224.02000427246094,226.3699951171875,225.8728790283203,42308700,AAPL
2024-09-26,227.3000030517578,228.5,225.41000366210938,227.52000427246094,227.02035522460938,36636700,AAPL
2024-09-27,228.4600067138672,229.52000427246094,227.3000030517578,227.7899932861328,227.2897491455078,34026000,AAPL
2024-09-30,230.0399932861328,233.0,229.64999389648438,233.0,232.48831176757812,54541900,AAPL
2024-10-01,229.52000427246094,229.64999389648438,223.74000549316406,226.2100067138672,225.71322631835938,63285000,AAPL
2024-10-02,225.88999938964844,227.3699951171875,223.02000427246094,226.77999877929688,226.28196716308594,32880600,AAPL
2024-10-03,225.13999938964844,226.80999755859375,223.32000732421875,225.6699981689453,225.17440795898438,34044200,AAPL
2024-10-04,227.89999389648438,228.0,224.1300048828125,226.8000030517578,226.30194091796875,37245100,AAPL
2024-10-07,224.5,225.69000244140625,221.3300018310547,221.69000244140625,221.2031707763672,39505400,AAPL
2024-10-08,224.3000030517578,225.97999572753906,223.25,225.77000427246094,225.27420043945312,31855700,AAPL
2024-10-09,225.22999572753906,229.75,224.8300018310547,229.5399932861328,229.03591918945312,33591100,AAPL
2024-10-10,227.77999877929688,229.5,227.1699981689453,229.0399932861328,228.53700256347656,28183500,AAPL
2024-10-11,229.3000030517578,229.41000366210938,227.33999633789062,227.5500030517578,227.05029296875,31759200,AAPL
2024-10-14,228.6999969482422,231.72999572753906,228.60000610351562,231.3000030517578,230.79205322265625,39882100,AAPL
2024-10-15,233.61000061035156,237.49000549316406,232.3699951171875,233.85000610351562,233.33645629882812,64751400,AAPL
2024-10-16,231.60000610351562,232.1199951171875,229.83999633789062,231.77999877929688,231.27099609375,34082200,AAPL
2024-10-17,233.42999267578125,233.85000610351562,230.52000427246094,232.14999389648438,231.6401824951172,32993800,AAPL
2024-10-18,236.17999267578125,236.17999267578125,234.00999450683594,235.0,234.4839324951172,46431500,AAPL
2024-10-21,234.4499969482422,236.85000610351562,234.4499969482422,236.47999572753906,235.96067810058594,36254500,AAPL
2024-10-22,233.88999938964844,236.22000122070312,232.60000610351562,235.86000061035156,235.342041015625,38846600,AAPL
2024-10-23,234.0800018310547,235.13999938964844,227.75999450683594,230.75999450683594,230.25323486328125,52287000,AAPL
2024-10-24,229.97999572753906,230.82000732421875,228.41000366210938,230.57000732421875,230.06365966796875,31109500,AAPL
2024-10-25,229.74000549316406,233.22000122070312,229.57000732421875,231.41000366210938,230.9018096923828,38802300,AAPL
2024-10-28,233.32000732421875,234.72999572753906,232.5500030517578,233.39999389648438,232.88743591308594,36087100,AAPL
2024-10-29,233.10000610351562,234.3300018310547,232.32000732421875,233.6699981689453,233.15684509277344,35417200,AAPL
2024-10-30,232.61000061035156,233.47000122070312,229.5500030517578,230.10000610351562,229.59469604492188,47070900,AAPL
2024-10-31,229.33999633789062,229.8300018310547,225.3699951171875,225.91000366210938,225.4138946533203,64370100,AAPL
2024-11-01,220.97000122070312,225.35000610351562,220.27000427246094,222.91000366210938,222.4204864501953,65276700,AAPL
2024-11-04,220.99000549316406,222.7899932861328,219.7100067138672,222.00999450683594,221.52244567871094,44944500,AAPL
2024-11-05,221.8000030517578,223.9499969482422,221.13999938964844,223.4499969482422,222.95928955078125,28111300,AAPL
2024-11-06,222.61000061035156,226.07000732421875,221.19000244140625,222.72000122070312,222.23089599609375,54561100,AAPL
2024-11-07,224.6300048828125,227.8800048828125,224.57000732421875,227.47999572753906,226.98043823242188,42137700,AAPL
2024-11-08,227.1699981689453,228.66000366210938,226.41000366210938,226.9600067138672,226.7107391357422,38328800,AAPL
2024-11-11,225.0,225.6999969482422,221.5,224.22999572753906,223.98373413085938,42005600,AAPL
2024-11-12,224.5500030517578,225.58999633789062,223.36000061035156,224.22999572753906,223.98373413085938,40398300,AAPL
2024-11-13,224.00999450683594,226.64999389648438,222.75999450683594,225.1199951171875,224.8727569580078,48566200,AAPL
2024-11-14,225.02000427246094,228.8699951171875,225.0,228.22000122070312,227.9693603515625,44923900,AAPL
2024-11-15,226.39999389648438,226.9199981689453,224.27000427246094,225.0,224.7528839111328,47923700,AAPL
2024-11-18,225.25,229.74000549316406,225.1699981689453,228.02000427246094,227.7695770263672,44686000,AAPL
2024-11-19,226.97999572753906,230.16000366210938,226.66000366210938,228.27999877929688,228.02928161621094,36211800,AAPL
2024-11-20,228.05999755859375,229.92999267578125,225.88999938964844,229.0,228.7484893798828,35169600,AAPL
2024-11-21,228.8800048828125,230.16000366210938,225.7100067138672,228.52000427246094,228.26902770996094,42108300,AAPL
2024-11-22,228.05999755859375,230.72000122070312,228.05999755859375,229.8699951171875,229.61753845214844,38168300,AAPL
2024-11-25,231.4600067138672,233.25,229.74000549316406,232.8699951171875,232.61424255371094,90152800,AAPL
2024-11-26,233.3300018310547,235.57000732421875,233.3300018310547,235.05999755859375,234.8018341064453,45986200,AAPL
2024-11-27,234.47000122070312,235.69000244140625,233.80999755859375,234.92999267578125,234.67198181152344,33498400,AAPL
2024-11-29,234.80999755859375,237.80999755859375,233.97000122070312,237.3300018310547,237.06935119628906,28481400,AAPL
2024-12-02,237.27000427246094,240.7899932861328,237.16000366210938,239.58999633789062,239.3268585205078,48137100,AAPL
2024-12-03,239.80999755859375,242.75999450683594,238.89999389648438,242.64999389648438,242.3834991455078,38861000,AAPL
2024-12-04,242.8699951171875,244.11000061035156,241.25,243.00999450683594,242.74310302734375,44383900,AAPL
2024-12-05,243.99000549316406,244.5399932861328,242.1300048828125,243.0399932861328,242.7730712890625,40033900,AAPL
2024-12-06,242.91000366210938,244.6300048828125,242.0800018310547,242.83999633789062,242.5732879638672,36870600,AAPL
2024-12-09,241.8300018310547,247.24000549316406,241.75,246.75,246.47900390625,44649200,AAPL
2024-12-10,246.88999938964844,248.2100067138672,245.33999633789062,247.77000427246094,247.4978790283203,36914800,AAPL
2024-12-11,247.9600067138672,250.8000030517578,246.25999450683594,246.49000549316406,246.2192840576172,45205800,AAPL
2024-12-12,246.88999938964844,248.74000549316406,245.67999267578125,247.9600067138672,247.68768310546875,32777500,AAPL
2024-12-13,247.82000732421875,249.2899932861328,246.24000549316406,248.1300048828125,247.85748291015625,33155300,AAPL
2024-12-16,247.99000549316406,251.3800048828125,247.64999389648438,251.0399932861328,250.7642822265625,51694800,AAPL
2024-12-17,250.0800018310547,253.8300018310547,249.77999877929688,253.47999572753906,253.20159912109375,51356400,AAPL
2024-12-18,252.16000366210938,254.27999877929688,247.74000549316406,248.0500030517578,247.77757263183594,56774100,AAPL
2024-12-19,247.5,252.0,247.08999633789062,249.7899932861328,249.51565551757812,60882300,AAPL
2024-12-20,248.0399932861328,255.0,245.69000244140625,254.49000549316406,254.21051025390625,147495300,AAPL
2024-12-23,254.77000427246094,255.64999389648438,253.4499969482422,255.27000427246094,254.98965454101562,40858800,AAPL
2024-12-24,255.49000549316406,258.2099914550781,255.2899932861328,258.20001220703125,257.91644287109375,23234700,AAPL
2024-12-26,258.19000244140625,260.1000061035156,257.6300048828125,259.0199890136719,258.7355041503906,27237100,AAPL
2024-12-27,257.8299865722656,258.70001220703125,253.05999755859375,255.58999633789062,255.30929565429688,42355300,AAPL
2024-12-30,252.22999572753906,253.5,250.75,252.1999969482422,251.9230194091797,35557500,AAPL
2024-12-31,252.44000244140625,253.27999877929688,249.42999267578125,250.4199981689453,250.1449737548828,39480700,AAPL
2025-01-02,248.92999267578125,249.10000610351562,241.82000732421875,243.85000610351562,243.5821990966797,55740700,AAPL
2025-01-03,243.36000061035156,244.17999267578125,241.88999938964844,243.36000061035156,243.0927276611328,40244100,AAPL
2025-01-06,244.30999755859375,247.3300018310547,243.1999969482422,245.0,244.73092651367188,45045600,AAPL
2025-01-07,242.97999572753906,245.5500030517578,241.35000610351562,242.2100067138672,241.94400024414062,40856000,AAPL
2025-01-08,241.9199981689453,243.7100067138672,240.0500030517578,242.6999969482422,242.43344116210938,37628900,AAPL
2025-01-10,240.00999450683594,240.16000366210938,233.0,236.85000610351562,236.58987426757812,61710900,AAPL
2025-01-13,233.52999877929688,234.6699981689453,229.72000122070312,234.39999389648438,234.14256286621094,49630700,AAPL
2025-01-14,234.75,236.1199951171875,232.47000122070312,233.27999877929688,233.02378845214844,39435300,AAPL
2025-01-15,234.63999938964844,238.9600067138672,234.42999267578125,237.8699951171875,237.60874938964844,39832000,AAPL
2025-01-16,237.35000610351562,238.00999450683594,228.02999877929688,228.25999450683594,228.00930786132812,71759100,AAPL
2025-01-17,232.1199951171875,232.2899932861328,228.47999572753906,229.97999572753906,229.7274169921875,68488300,AAPL
2025-01-21,224.0,224.4199981689453,219.3800048828125,222.63999938964844,222.39547729492188,98070400,AAPL
2025-01-22,219.7899932861328,224.1199951171875,219.7899932861328,223.8300018310547,223.58416748046875,64126500,AAPL
2025-01-23,224.74000549316406,227.02999877929688,222.3000030517578,223.66000366210938,223.41436767578125,60234800,AAPL
2025-01-24,224.77999877929688,225.6300048828125,221.41000366210938,222.77999877929688,222.5353240966797,54697900,AAPL
2025-01-27,224.02000427246094,232.14999389648438,223.97999572753906,229.86000061035156,229.6075439453125,94863400,AAPL
2025-01-28,230.85000610351562,240.19000244140625,230.80999755859375,238.25999450683594,237.99832153320312,75707600,AAPL
2025-01-29,234.1199951171875,239.86000061035156,234.00999450683594,239.36000061035156,239.0971221923828,45486100,AAPL
2025-01-30,238.6699981689453,240.7899932861328,237.2100067138672,237.58999633789062,237.3290557861328,55658300,AAPL
2025-01-31,247.19000244140625,247.19000244140625,233.44000244140625,236.0,235.74081420898438,101075100,AAPL
2025-02-03,229.99000549316406,231.8300018310547,225.6999969482422,228.00999450683594,227.75958251953125,73063300,AAPL
2025-05-01,209.0800018310547,214.55999755859375,208.89999389648438,213.32000732421875,213.04063415527344,57365700,AAPL
2025-05-02,206.08999633789062,206.99000549316406,202.16000366210938,205.35000610351562,205.08106994628906,101010600,AAPL
2025-05-05,203.10000610351562,204.10000610351562,198.2100067138672,198.88999938964844,198.62953186035156,69018500,AAPL
2025-05-06,198.2100067138672,200.64999389648438,197.02000427246094,198.50999450683594,198.25001525878906,51216500,AAPL
2025-05-07,199.1699981689453,199.44000244140625,193.25,196.25,195.99298095703125,68536700,AAPL
2025-05-08,197.72000122070312,200.0500030517578,194.67999267578125,197.49000549316406,197.2313690185547,50478900,AAPL
2025-05-09,199.0,200.5399932861328,197.5399932861328,198.52999877929688,198.27000427246094,36453900,AAPL
2025-05-12,210.97000122070312,211.27000427246094,206.75,210.7899932861328,210.7899932861328,63775800,AAPL
2025-05-13,210.42999267578125,213.39999389648438,209.0,212.92999267578125,212.92999267578125,51909300,AAPL
2025-05-14,212.42999267578125,213.94000244140625,210.5800018310547,212.3300018310547,212.3300018310547,49325800,AAPL
2025-05-15,210.9499969482422,212.9600067138672,209.5399932861328,211.4499969482422,211.4499969482422,45029500,AAPL
2025-05-16,212.36000061035156,212.57000732421875,209.77000427246094,211.25999450683594,211.25999450683594,54737900,AAPL
2025-05-19,207.91000366210938,209.47999572753906,204.25999450683594,208.77999877929688,208.77999877929688,46140500,AAPL
2025-05-20,207.6699981689453,208.47000122070312,205.02999877929688,206.86000061035156,206.86000061035156,42496600,AAPL
2025-05-21,205.1699981689453,207.0399932861328,200.7100067138672,202.08999633789062,202.08999633789062,59211800,AAPL
2025-05-22,200.7100067138672,202.75,199.6999969482422,201.36000061035156,201.36000061035156,46742400,AAPL
2025-05-23,193.6699981689453,197.6999969482422,193.4600067138672,195.27000427246094,195.27000427246094,78432900,AAPL
2025-05-27,198.3000030517578,200.74000549316406,197.42999267578125,200.2100067138672,200.2100067138672,56288500,AAPL
2025-05-28,200.58999633789062,202.72999572753906,199.89999389648438,200.4199981689453,200.4199981689453,45339700,AAPL
2025-05-29,203.5800018310547,203.80999755859375,198.50999450683594,199.9499969482422,199.9499969482422,51396800,AAPL
2025-05-30,199.3699951171875,201.9600067138672,196.77999877929688,200.85000610351562,200.85000610351562,70819900,AAPL
2025-06-02,200.27999877929688,202.1300048828125,200.1199951171875,201.6999969482422,201.6999969482422,35423300,AAPL
2025-06-03,201.35000610351562,203.77000427246094,200.9600067138672,203.27000427246094,203.27000427246094,46381600,AAPL
2025-06-04,202.91000366210938,206.24000549316406,202.10000610351562,202.82000732421875,202.82000732421875,43604000,AAPL
2025-06-05,203.5,204.75,200.14999389648438,200.6300048828125,200.6300048828125,55126100,AAPL
2025-06-06,203.0,205.6999969482422,202.0500030517578,203.9199981689453,203.9199981689453,46607700,AAPL
2025-06-09,204.38999938964844,206.0,200.02000427246094,201.4499969482422,201.4499969482422,72862600,AAPL
2025-06-10,200.60000610351562,204.35000610351562,200.57000732421875,202.6699981689453,202.6699981689453,54672600,AAPL
2025-06-11,203.5,204.5,198.41000366210938,198.77999877929688,198.77999877929688,60989900,AAPL
2025-06-12,199.0800018310547,199.67999267578125,197.36000061035156,199.1999969482422,199.1999969482422,43904600,AAPL
2025-06-13,199.72999572753906,200.3699951171875,195.6999969482422,196.4499969482422,196.4499969482422,51447300,AAPL
2025-06-16,197.3000030517578,198.69000244140625,196.55999755859375,198.4199981689453,198.4199981689453,43020700,AAPL
2025-06-17,197.1999969482422,198.38999938964844,195.2100067138672,195.63999938964844,195.63999938964844,38856200,AAPL
2025-06-18,195.94000244140625,197.57000732421875,195.07000732421875,196.5800018310547,196.5800018310547,45394700,AAPL
2025-06-20,198.24000549316406,201.6999969482422,196.86000061035156,201.0,201.0,96813500,AAPL
2025-06-23,201.6300048828125,202.3000030517578,198.9600067138672,201.5,201.5,55814300,AAPL
2025-06-24,202.58999633789062,203.44000244140625,200.1999969482422,200.3000030517578,200.3000030517578,54064000,AAPL
2025-06-25,201.4499969482422,203.6699981689453,200.6199951171875,201.55999755859375,201.55999755859375,39525700,AAPL
2025-06-26,201.42999267578125,202.63999938964844,199.4600067138672,201.0,201.0,50799100,AAPL
2025-06-27,201.88999938964844,203.22000122070312,200.0,201.0800018310547,201.0800018310547,73188600,AAPL
2025-06-30,202.00999450683594,207.38999938964844,199.25999450683594,205.1699981689453,205.1699981689453,91912800,AAPL
2025-07-01,206.6699981689453,210.19000244140625,206.13999938964844,207.82000732421875,207.82000732421875,78788900,AAPL
2025-07-02,208.91000366210938,213.33999633789062,208.13999938964844,212.44000244140625,212.44000244140625,67941800,AAPL
2025-07-03,212.14999389648438,214.64999389648438,211.80999755859375,213.5500030517578,213.5500030517578,34955800,AAPL
2025-02-04,227.25,233.1300048828125,226.64999389648438,232.8000030517578,232.54432678222656,45067300,AAPL
2025-02-05,228.52999877929688,232.6699981689453,228.27000427246094,232.47000122070312,232.21469116210938,39620300,AAPL
2025-02-06,231.2899932861328,233.8000030517578,230.42999267578125,233.22000122070312,232.9638671875,29925300,AAPL
2025-02-07,232.60000610351562,234.0,227.25999450683594,227.6300048828125,227.3800048828125,39707200,AAPL
2025-02-10,229.57000732421875,230.58999633789062,227.1999969482422,227.64999389648438,227.64999389648438,33115600,AAPL
2025-02-11,228.1999969482422,235.22999572753906,228.1300048828125,232.6199951171875,232.6199951171875,53718400,AAPL
2025-02-12,231.1999969482422,236.9600067138672,230.67999267578125,236.8699951171875,236.8699951171875,45243300,AAPL
2025-02-13,236.91000366210938,242.33999633789062,235.57000732421875,241.52999877929688,241.52999877929688,53614100,AAPL
2025-02-14,241.25,245.5500030517578,240.99000549316406,244.60000610351562,244.60000610351562,40838100,AAPL
2025-03-17,213.30999755859375,215.22000122070312,209.97000122070312,214.0,214.0,48073400,AAPL
2025-03-18,214.16000366210938,215.14999389648438,211.49000549316406,212.69000244140625,212.69000244140625,42432400,AAPL
2025-03-19,214.22000122070312,218.75999450683594,213.75,215.24000549316406,215.24000549316406,54385400,AAPL
2025-03-20,213.99000549316406,217.49000549316406,212.22000122070312,214.10000610351562,214.10000610351562,48862900,AAPL
2025-03-21,211.55999755859375,218.83999633789062,211.27999877929688,218.27000427246094,218.27000427246094,94127800,AAPL
2025-03-24,221.0,221.47999572753906,218.5800018310547,220.72999572753906,220.72999572753906,44299500,AAPL
2025-03-25,220.77000427246094,224.10000610351562,220.0800018310547,223.75,223.75,34493600,AAPL
2025-03-26,223.50999450683594,225.02000427246094,220.47000122070312,221.52999877929688,221.52999877929688,34466100,AAPL
2025-03-27,221.38999938964844,224.99000549316406,220.55999755859375,223.85000610351562,223.85000610351562,37094800,AAPL
2025-03-28,221.6699981689453,223.80999755859375,217.67999267578125,217.89999389648438,217.89999389648438,39818600,AAPL
2025-03-31,217.00999450683594,225.6199951171875,216.22999572753906,222.1300048828125,222.1300048828125,65259800,AAPL
2025-04-01,219.80499267578125,223.42999267578125,218.89999389648438,222.8000030517578,222.8000030517578,15770607,AAPL
2025-02-18,244.14999389648438,245.17999267578125,241.83999633789062,244.47000122070312,48822500.0,244,AAPL
2025-02-19,244.66000366210938,246.00999450683594,243.16000366210938,244.8699951171875,32204200.0,244,AAPL
2025-02-20,244.94000244140625,246.77999877929688,244.2899932861328,245.8300018310547,32316900.0,245,AAPL
2025-02-21,245.9499969482422,248.69000244140625,245.22000122070312,245.5500030517578,53197400.0,245,AAPL
2025-02-24,244.92999267578125,248.86000061035156,244.4199981689453,247.10000610351562,51326400.0,247,AAPL
2025-02-25,248.0,250.0,244.91000366210938,247.0399932861328,48013300.0,247,AAPL
2025-02-26,244.3300018310547,244.97999572753906,239.1300048828125,240.36000061035156,44433600.0,240,AAPL
2025-02-27,239.41000366210938,242.4600067138672,237.05999755859375,237.3000030517578,41153600.0,237,AAPL
2025-02-28,236.9499969482422,242.08999633789062,230.1999969482422,241.83999633789062,56833400.0,241,AAPL
2025-03-03,241.7899932861328,244.02999877929688,236.11000061035156,238.02999877929688,47184000.0,238,AAPL
2025-03-04,237.7100067138672,240.07000732421875,234.67999267578125,235.92999267578125,53798100.0,235,AAPL
2025-03-05,235.4199981689453,236.5500030517578,229.22999572753906,235.74000549316406,47227600.0,235,AAPL
2025-03-06,234.44000244140625,237.86000061035156,233.16000366210938,235.3300018310547,45170400.0,235,AAPL
2025-03-07,235.11000061035156,241.3699951171875,234.75999450683594,239.07000732421875,46273600.0,239,AAPL
2025-03-10,235.5399932861328,236.16000366210938,224.22000122070312,227.47999572753906,72071200.0,227,AAPL
2025-03-11,223.80999755859375,225.83999633789062,217.4499969482422,220.83999633789062,76137400.0,220,AAPL
2025-03-12,220.13999938964844,221.75,214.91000366210938,216.97999572753906,62547500.0,216,AAPL
2025-03-13,215.9499969482422,216.83999633789062,208.4199981689453,209.67999267578125,61368300.0,209,AAPL
2025-03-14,211.25,213.9499969482422,209.5800018310547,213.49000549316406,60107600.0,213,AAPL
2025-06-13,199.72999572753906,200.3699951171875,195.6999969482422,196.4499969482422,196.4499969482422,51447300,AAPL
2025-06-16,197.3000030517578,198.69000244140625,196.55999755859375,198.4199981689453,198.4199981689453,43020700,AAPL
2025-06-17,197.1999969482422,198.38999938964844,195.2100067138672,195.63999938964844,195.63999938964844,38856200,AAPL
2025-06-18,195.94000244140625,197.57000732421875,195.07000732421875,196.5800018310547,196.5800018310547,45394700,AAPL
2025-06-20,198.24000549316406,201.6999969482422,196.86000061035156,201.0,201.0,95914700,AAPL
2025-04-02,221.32000732421875,225.19000244140625,221.02000427246094,223.88999938964844,223.88999938964844,35905900,AAPL
2025-04-03,205.5399932861328,207.49000549316406,201.25,203.19000244140625,203.19000244140625,103419000,AAPL
2025-04-04,193.88999938964844,199.8800048828125,187.33999633789062,188.3800048828125,188.3800048828125,125910900,AAPL
2025-04-07,177.1999969482422,194.14999389648438,174.6199951171875,181.4600067138672,181.4600067138672,160466300,AAPL
2025-04-08,186.6999969482422,190.33999633789062,169.2100067138672,172.4199981689453,172.4199981689453,120859500,AAPL
2025-04-09,171.9499969482422,200.61000061035156,171.88999938964844,198.85000610351562,198.85000610351562,184395900,AAPL
2025-04-10,189.07000732421875,194.77999877929688,183.0,190.4199981689453,190.4199981689453,121880000,AAPL
2025-04-11,186.10000610351562,199.5399932861328,186.05999755859375,198.14999389648438,198.14999389648438,87435900,AAPL
2025-04-14,211.44000244140625,212.94000244140625,201.16000366210938,202.52000427246094,202.52000427246094,101352900,AAPL
2025-04-15,201.86000061035156,203.50999450683594,199.8000030517578,202.13999938964844,202.13999938964844,51343900,AAPL
2025-04-16,198.36000061035156,200.6999969482422,192.3699951171875,194.27000427246094,194.27000427246094,59732400,AAPL
2025-04-17,197.1999969482422,198.8300018310547,194.4199981689453,196.97999572753906,196.97999572753906,51334300,AAPL
2025-04-21,193.27000427246094,193.8000030517578,189.80999755859375,193.16000366210938,193.16000366210938,46742500,AAPL
2025-04-22,196.1199951171875,201.58999633789062,195.97000122070312,199.74000549316406,199.74000549316406,52976400,AAPL
2025-04-23,206.0,208.0,202.8000030517578,204.60000610351562,204.60000610351562,52929200,AAPL
2025-04-24,204.88999938964844,208.8300018310547,202.94000244140625,208.3699951171875,208.3699951171875,47311000,AAPL
2025-04-25,206.3699951171875,209.75,206.1999969482422,209.27999877929688,209.27999877929688,38222300,AAPL
2025-04-28,210.0,211.5,207.4600067138672,210.13999938964844,210.13999938964844,38743100,AAPL
2025-04-29,208.69000244140625,212.24000549316406,208.3699951171875,211.2100067138672,211.2100067138672,36827600,AAPL
2025-04-30,209.3000030517578,213.5800018310547,206.6699981689453,212.5,212.5,51661400,AAPL
2025-05-01,209.0800018310547,214.55999755859375,208.89999389648438,213.32000732421875,213.04063415527344,57365700,AAPL
2025-05-02,206.08999633789062,206.99000549316406,202.16000366210938,205.35000610351562,205.08106994628906,101010600,AAPL
2025-05-05,203.10000610351562,204.10000610351562,198.2100067138672,198.88999938964844,198.62953186035156,69018500,AAPL
2025-05-06,198.2100067138672,200.64999389648438,197.02000427246094,198.50999450683594,198.25001525878906,51216500,AAPL
2025-05-07,199.1699981689453,199.44000244140625,193.25,196.25,195.99298095703125,68536700,AAPL
2025-05-08,197.72000122070312,200.0500030517578,194.67999267578125,197.49000549316406,197.2313690185547,50478900,AAPL
2025-05-09,199.0,200.5399932861328,197.5399932861328,198.52999877929688,198.27000427246094,36453900,AAPL
2025-05-12,210.97000122070312,211.27000427246094,206.75,210.7899932861328,210.7899932861328,63775800,AAPL
2025-05-13,210.42999267578125,213.39999389648438,209.0,212.92999267578125,212.92999267578125,51909300,AAPL
2025-05-14,212.42999267578125,213.94000244140625,210.5800018310547,212.3300018310547,212.3300018310547,49325800,AAPL
2025-05-15,210.9499969482422,212.9600067138672,209.5399932861328,211.4499969482422,211.4499969482422,45029500,AAPL
2025-05-16,212.36000061035156,212.57000732421875,209.77000427246094,211.25999450683594,211.25999450683594,54737900,AAPL
2025-05-19,207.91000366210938,209.47999572753906,204.25999450683594,208.77999877929688,208.77999877929688,46140500,AAPL
2025-05-20,207.6699981689453,208.47000122070312,205.02999877929688,206.86000061035156,206.86000061035156,42496600,AAPL
2025-05-21,205.1699981689453,207.0399932861328,200.7100067138672,202.08999633789062,202.08999633789062,59211800,AAPL
2025-05-22,200.7100067138672,202.75,199.6999969482422,201.36000061035156,201.36000061035156,46742400,AAPL
2025-05-23,193.6699981689453,197.6999969482422,193.4600067138672,195.27000427246094,195.27000427246094,78432900,AAPL
2025-05-27,198.3000030517578,200.74000549316406,197.42999267578125,200.2100067138672,200.2100067138672,56288500,AAPL
2025-05-28,200.58999633789062,202.72999572753906,199.89999389648438,200.4199981689453,200.4199981689453,45339700,AAPL
2025-05-29,203.5800018310547,203.80999755859375,198.50999450683594,199.9499969482422,199.9499969482422,51396800,AAPL
2025-05-30,199.3699951171875,201.9600067138672,196.77999877929688,200.85000610351562,200.85000610351562,70819900,AAPL
2025-06-02,200.27999877929688,202.1300048828125,200.1199951171875,201.6999969482422,201.6999969482422,35423300,AAPL
2025-06-03,201.35000610351562,203.77000427246094,200.9600067138672,203.27000427246094,203.27000427246094,46381600,AAPL
2025-06-04,202.91000366210938,206.24000549316406,202.10000610351562,202.82000732421875,202.82000732421875,43604000,AAPL
2025-06-05,203.5,204.75,200.14999389648438,200.6300048828125,200.6300048828125,55126100,AAPL
2025-06-06,203.0,205.6999969482422,202.0500030517578,203.9199981689453,203.9199981689453,46607700,AAPL
2025-06-09,204.38999938964844,206.0,200.02000427246094,201.4499969482422,201.4499969482422,72862600,AAPL
2025-06-10,200.60000610351562,204.35000610351562,200.57000732421875,202.6699981689453,202.6699981689453,54672600,AAPL
2025-06-11,203.5,204.5,198.41000366210938,198.77999877929688,198.77999877929688,60989900,AAPL
2025-06-12,199.0800018310547,199.67999267578125,197.36000061035156,199.1999969482422,199.1999969482422,43758300,AAPL
2025-07-01,206.6699981689453,210.19000244140625,206.13999938964844,207.82000732421875,207.82000732421875,78788900,AAPL
2025-07-02,208.91000366210938,213.33999633789062,208.13999938964844,212.44000244140625,212.44000244140625,67941800,AAPL
2025-07-03,212.14999389648438,214.64999389648438,211.80999755859375,213.5500030517578,213.5500030517578,34955800,AAPL
2025-07-07,212.67999267578125,216.22999572753906,208.8000030517578,209.9499969482422,209.9499969482422,50229000,AAPL
2025-07-08,210.10000610351562,211.42999267578125,208.4499969482422,210.00999450683594,210.00999450683594,42848900,AAPL
2025-07-09,209.52999877929688,211.3300018310547,207.22000122070312,211.13999938964844,211.13999938964844,48749400,AAPL
2025-07-10,210.50999450683594,213.47999572753906,210.02999877929688,212.41000366210938,212.41000366210938,44443600,AAPL
2025-07-11,210.57000732421875,212.1300048828125,209.86000061035156,211.16000366210938,211.16000366210938,39765800,AAPL
2025-07-14,209.92999267578125,210.91000366210938,207.5399932861328,208.6199951171875,208.6199951171875,38840100,AAPL
2025-07-15,209.22000122070312,211.88999938964844,208.9199981689453,209.11000061035156,209.11000061035156,42225300,AAPL
